"";"input_id";"dependence";"dependence_value";"question";"subframework";"property";"category";"pages";"minimal_detailed";"bestpractices";"notes";"keywords";"options";"input_type";"required"
"1";"P01";NA;NA;"Are you involved in any way with the Skills4EOSC project?";NA;"About you";"About you";"0. Background information";NA;NA;NA;NA;"Select your involvement;Yes, I am a partner of the project;Yes, I work in one of the Competence Centers from the project;Yes, I am part of the EOSC Consortium;No";"select";FALSE
"2";"P02";NA;NA;"Please, provide your course title:";NA;"About you";"About you";"0. Background information";NA;NA;NA;NA;"Example: ""TtT 2.1: Shaping Open Science Champions: a train-the-trainers course for educators of Phd candidate""";"text";FALSE
"3";"P03";NA;NA;"Your current role:";NA;"About you";"About you";"0. Background information";NA;NA;NA;NA;"Select your role;High education teacher;Researcher;Data Steward;Librarian;Policymaker;Civil Servant;Legal Expert;Other";"select";FALSE
"4";"P04";"P03";"Other";"Your current role:";NA;"About you";"About you";"0. Background information";NA;NA;NA;NA;"Please, specify your current role";"text";FALSE
"5";"P05";NA;NA;"Your institution:";NA;"About you";"About you";"0. Background information";NA;NA;NA;NA;"Select your institution;Other;Consortium GARR (GARR);Consiglio Nazionale delle Ricerche (CNR);Istituto Nazionale di Fisica Nucleare (INFN);Università degli Studi di Torino (UNITO);Politecnico di Torino (POLITO);Fondazione Istituto Italiano di Tecnologia (IIT);Università degli Studi di Milano-Bicocca (UNIMIB);Università degli Studi di Trento (UNITN);Fondazione Centro Euro-Mediterraneo sui Cambiamenti Climatici (CMCC);Technische Universiteit Delft (TU-Delft);Centre National de la Recherche Scientifique CNRS (CNRS);12 CSC-Tieteen Tietotekniikan Keskus Oy (CSC-IT) Finland;Danmarks Tekniske Universitet (DTU);Copenhagen Business School (CBS);Aalborg Universitet (AAU);Det Kongelige Bibliotek Nationalbibliotek,Nationalbibliotek og Kobenhavns Universitetbibliotek (DKB);Syddansk Universitet (SDU);Aarhus Universitet (AU);European Plate Observing System - European Research Infrastructure Consortium (EPOS);Istututo Nazionale di Geofisica e Vulcanologia (INGV);Universitet I Bergen (UiB);National Infrastructures for Research and Technology (GRNET);Institute of Information and Communication Technologies (IICT);Institut Za Fiziku (IPB);Ss. Cyril and Methodius University in Skopje (UKIM);ETaireia Eleytheroy Logismikoy AnoiktoyKodika (GFOSS);Karslsruher Institut fuer Technologie (KIT);Katholeike Universiteit Leuven (KUL);Naturhistorisches Museum Wien (NHMW);Open Access in the European Area through Scholarly Communication (OPERAS);Instytut Chemii Bioorganicznej Polskiej Akademii Nauk (PSNC);32 Tampereen Korkeakoulusaatio Sr (TAU) Finland;Technische Universitaet Wien (TU-Wien);The University Of Edinburgh (UEDIN);Goeteborgs Universitet (UGOT);Chalmers Tekniska Hoegskola Ab (Chalmers);Karolinska Institutet (KI);Umea Universitet (UMU);Tartu Ulikool (UT);Tallinna Tehnikaulikool (TalTech);Universite D'Aix Marseille (AMU);Universidad Carlos III de Madrid (UC3M);Norwegian Directorate For Higher Education And Skills (HK-Dir);Uninett Sigma2 As (SIGMA2)";"select";FALSE
"6";"P06";"P05";"Other";"Your institution:";NA;"About you";"About you";"0. Background information";NA;NA;NA;NA;"Please, specify your current institution";"text";FALSE
"7";"P07";NA;NA;"Your field of expertise:";NA;"About you";"About you";"0. Background information";NA;NA;NA;NA;"Select your field;Natural Sciences;Engineering and technology;Medical and Health Sciences;Agricultural;Social Sciences;Humanities;Other";"select";FALSE
"8";"P08";"P07";"Other";"Your field of expertise:";NA;"About you";"About you";"0. Background information";NA;NA;NA;NA;"Your field of expertise";"text";FALSE
"9";"P09";NA;NA;"How familiar are you with the implementation of Quality Assurance processes in learning materials?";NA;"About you";"About you";"0. Background information";NA;NA;NA;NA;"Not familiar at all;Not very familiar;Somewhat familiar;Familiar;Very familiar";"textSlider";FALSE
"10";"G01";NA;NA;"Does the title of the resource clearly describe what it offers?";"essential";"Title";"Metadata & publication";"1. Content & Structure";"minimal";"Following the ""Title"" element of the Research Data Alliance (RDA) Minimal Metadata for Learning Resources Schema, include the human-readable name of the resource. Make the title appealing and explain why people should use the learning material.";NA;NA;"Yes;No";"mc";FALSE
"11";"G05";NA;NA;"Does the resource identify the developer/author of the resource?";"essential";"Authors";"Metadata & publication";"1. Content & Structure";"minimal";"Following the ""Author(s)"" element of the Research Data Alliance (RDA) Minimal Metadata for Learning Resources Schema, include information about who created the learning resource. This can include name, affiliation as well as ORCID.";"In addition to adding this information to the metadata, it should also be visible to learners in the course overview.";NA;"Yes;No";"mc";FALSE
"12";"G06";NA;NA;"Does the resource specify the primary language used?";"essential";"Language";"Metadata & publication";"1. Content & Structure";"minimal";"Following the ""Primary Language"" element of the Research Data Alliance (RDA) Minimal Metadata for Learning Resources Schema, specify the primary language of the resource.";"In addition to adding this information to the metadata, it should also be visible to learners in the course overview.";NA;"Yes;No";"mc";FALSE
"13";"G09";NA;NA;"Does the resource contain relevant keywords related to the content and structure?";"essential";"Keywords";"Metadata & publication";"1. Content & Structure";"minimal";"Following the ""Keyword(s)"" element of the Research Data Alliance (RDA) Minimal Metadata for Learning Resources Schema, include keywords to help organise resources in a system so that people can easily find what they need. They can be used to search for specific things, such as who created the resource, how long the learning activity takes, and what the topic is.";NA;NA;"Yes;No";"mc";FALSE
"14";"M03";"G09";"Yes";"Does the resource contain, as outlined in the <a href=""https://zenodo.org/records/15731870"" target=""_blank"">MVS profile</a>, relevant terms selected from Open Science taxonomies or controlled vocabularies in its keywords?";"mvs";"Keywords";"Metadata & publication";"1. Content & Structure";"minimal";"It is suggested to include keywords about the resource. It can include Open Science skills terms outlined in the MVS. The skill set concepts covered by the MVS and suggested to use in the learning resource are identified using the European Skills, Competences and Occupations taxonomy. Other terms can be selected from an Open Science- related taxonomy, ontology or controlled vocabulary (e.g.: <a href=""https://www.ebi.ac.uk/ols4/ontologies/t4fs?tab=individuals&viewMode=list"" target=""_blank"">t4FS</a>, <a href=""https://www.cscce.org/resources/glossary/"" target=""_blank"">CSCCE Glossary</a>, <a href=""https://forrt.org/glossary/"" target=""_blank"">FORRT Glossary</a>, <a href=""https://osf.io/t84kh/"" target=""_blank"">Open Science Dictionary</a>, <a href=""https://op.europa.eu/es/web/eu-vocabularies/euroscivoc"" target=""_blank"">EuroSciVoc</a>).";"It is suggested to include keywords about the resource. It can include Open Science skills terms outlined in the MVS. The skill set concepts covered by the MVS and suggested to use in the learning resource are identified using the European Skills, Competences and Occupations taxonomy. Other terms can be selected from an Open Science- related taxonomy, ontology or controlled vocabulary (e.g.: t4FS, CSCCE Glossary, FORRT Glossary, Open Science Dictionary, EuroSciVoc,)";NA;"Yes;No";"mc";FALSE
"15";"F02";NA;NA;"Is metadata available to describe the learning resource?";"fair";"Metadata";"Metadata & publication";"1. Content & Structure";"minimal";"The learning resource should be described using a <a href=""https://zenodo.org/records/6769695#.YrrP9-xBybQ"" target=""_blank"">suitable metadata schema</a> that is easily accessible to everyone. It is preferable that the metadata is available in both human and machine readable format.";NA;"Findable";"Yes;No";"mc";FALSE
"16";"F05";NA;NA;"Is the RDA minimal (or domain specific) metadata schema used for the learning resource description?";"fair";"Metadata";"Metadata & publication";"1. Content & Structure";"minimal";"Use a standardised metadata schema such as the <a href=""https://doi.org/10.15497/RDA00073"" target=""_blank"">RDA minimal metadata schema</a> or domain-specific schemas when describing the learning resource. Both learners and instructors should be able to access all fields defined with the metadata schema.";"When using the min RDA schema be careful as ALL fields are mandatory (chick <a href=""https://doi.org/10.15497/RDA00073"" target=""_blank"">here</a> for more information)";"Interoperable";"Yes;No";"mc";FALSE
"17";"M04";"F02";"Yes";"Does the resource have coherently structured content for all elements of the <a href=""https://zenodo.org/records/15731870"" target=""_blank"">MVS profile</a> in its metadata?";"mvs";"Metadata";"Metadata & publication";"1. Content & Structure";"minimal";"The learning resource has a coherent structure description of its MVS elements, based on a metadata schema (e.g. RDA minimal metadata for learning resources)";"The learning resource should have a coherent structure that describes its MVS elements, including the essential skills and competencies. The structure of the metadata should be based on a metadata schema (eg RDA minimal metadata for learning resources).";NA;"Yes;No";"mc";FALSE
"18";"F15";NA;NA;"Are controlled vocabularies (CVs) used for describing the resource characteristics aligned with the chosen metadata schema?";"fair";"Vocabularies";"Metadata & publication";"1. Content & Structure";"detailed";"Vocabularies are structured lists of words and phrases that help find content, by either looking through it or searching for it. When using a metadata schema, its definition provides information on which fields of the schema are defined using specific controlled vocabularies.";"Applies to all fields defined with CV in the schema (i.e. for RDA min schema, it is only the 'access cost' field)";"Interoperable";"Yes;No";"mc";FALSE
"19";"F16";NA;NA;"Is the resource searchable in at least one relevant catalogue?";"fair";"Catalogue";"Metadata & publication";"1. Content & Structure";"detailed";"If the learning resource is indexed  in a relevant training catalogue its Findability and Reusability are increased. This can be the catalogue of the learning platform where the resource is provided to the learners.";"Any user should be able to find the learning resource using keywords in a catalogue search bar";"Findable";"Yes;No";"mc";FALSE
"20";"F01";NA;NA;"Is the complete learning resource (incl. instructors’ info) deposited or indexed in at least one searchable repository?";"fair";"Repository";"Metadata & publication";"1. Content & Structure";"minimal";"There are multiple options for storing the learning resources, including general data repositories, open educational repositories, or domain-specific repositories. Depending on the learning resource type and use, the most suitable option should be chosen. Ensure that the repository will provide a PID for the resource and that you deposit all editable files related to the resource.";"Complete resource means that all elements distributed in different files related to the resources should be deposited (including editable versions of the files)";"Findable";"Yes;No";"mc";FALSE
"21";"G02";NA;NA;"Does the resource clearly state its target audience?";"essential";"Audience";"Targets";"1. Content & Structure";"minimal";"Following the ""Target Group (Audience)"" element of the Research Data Alliance (RDA) Minimal Metadata for Learning Resources Schema, include the primary user(s) for whom the resource is intended. Describe who the material is intended for, such as researchers or students.";"In addition to adding this information to the metadata, it should also be visible to learners in the course overview.";NA;"Yes;No";"mc";FALSE
"22";"G03";NA;NA;"Does the resource specify the expertise level required from its audience?";"essential";"Expertise level";"Targets";"1. Content & Structure";"minimal";"Following the ""Expertise (skill) level"" element of the Research Data Alliance (RDA) Minimal Metadata for Learning Resources Schema, include the target skill level in the topic being taught. Example values: beginner, intermediate, and advanced.";"In addition to adding this information to the metadata, it should also be visible to learners in the course overview.";NA;"Yes;No";"mc";FALSE
"23";"G11";NA;NA;"Does the resource include its goal?";"essential";"Goal";"Targets";"1. Content & Structure";"minimal";"Following the ""Abstract/Description"" element of the Research Data Alliance (RDA) Minimal Metadata for Learning Resources Schema, include the main aim of the whole learning object. It represents the broad aspirations of the resource and it is a good opportunity to introduce the relevance of the material.";"""Goals"" represent the broad aspirations that trainers have for their learners: This information should be visible to learners in the course overview.";NA;"Yes;No";"mc";FALSE
"24";"M01";"G11";"Yes";"Is the goal/description of the resource in line with the essential skills and/or main activities listed in the <a href=""https://zenodo.org/records/15731870"" target=""_blank"">MVS profile</a> for the stated target audience?";"mvs";"Goal";"Targets";"1. Content & Structure";"minimal";"The target audience stated should be consistent with the correspondent role/s in this list. The MVS is meant to be used by anyone involved in developing the skills of whichever role is described by that MVS (e.g. including people who are in the same role, and want to plan their own training needs).";NA;NA;"Yes;No";"mc";FALSE
"25";"G10";NA;NA;"Are the learning objectives* and outcomes* specific, well-defined, and measurable?";"essential";"Objectives and outcomes";"Targets";"1. Content & Structure";"minimal";"Following the ""Learning Outcome"" element of the Research Data Alliance (RDA) Minimal Metadata for Learning Resources Schema, include learning objectives/outcomes. What will learners gain from this training? What skills will they demonstrate? These questions can guide you in writing the learning outcomes for your resource. Using phrases such as ""By the end of this training, participants will be able to..."" can also be helpful. Moreover, you can choose the right action words from the SMART (Specific, Measurable, Achievable, Realistic/Relevant, Time-Based) approach to make your objectives clear and achievable. Have a look at the Skills4EOSC <a href=""https://fair-by-design-methodology.github.io/FAIR-by-Design_ToT/latest/Stage%201%20%E2%80%93%20Prepare/02-Preparing%20FAIR%20Learning%20Objects/02-Preparing%20FAIR%20Learning%20Objects_cont/#defining-learning-objectives"" target=""_blank"">FAIR-by-design methodology</a>.";"""Learning objectives"" are the specific steps trainers take to help learners achieve these goals. ""Learning outcomes"" are the actual knowledge, skills, or abilities that learners should be able to demonstrate at the end of their training. This information should be visible to learners in the course overview.";NA;"Yes;No";"mc";FALSE
"26";"M02";"G10";"Yes";"Are the learning objectives and outcomes of the resource relevant to any of the essential skills or Open Science skills terms of the <a href=""https://zenodo.org/records/15731870"" target=""_blank"">MVS profile</a> for the stated target audience?";"mvs";"Objectives and outcomes";"Targets";"1. Content & Structure";"minimal";"Check the sections ""Essential Skills & Competences"" and “Open Science Skills Terms” from the respective MVS profile of your target audience.";NA;NA;"Yes;No";"mc";FALSE
"27";"G13";NA;NA;"Does the resource clearly describe its program/outline?";"essential";"Program";"Design";"1. Content & Structure";"detailed";"The learning materials should include an agenda for the course (in the abstract/description or as a separate item). This helps the learner know in advance what topics will be covered and what the focus will be. In addition, this information is helpful for a  trainer who is reusing the material to understand the progression of the training.";NA;NA;"Yes;No";"mc";FALSE
"28";"F14";NA;NA;"Is every logical unit of the learning resource  defined around a minimum of one learning objective?";"fair";"Logical unit";"Design";"1. Content & Structure";"detailed";"Breaking down a complex learning resource into logical units helps improve its reusability. Defining learning objectives on the level of a unit helps trainers understand the importance of each unit.";NA;"Reusable";"Yes;No";"mc";FALSE
"29";"G19";NA;NA;"Does the resource address different learning styles that lead to greater learner engagement without relying too heavily on one learning style, such as reading/writing?";"essential";"Learning style";"Design";"1. Content & Structure";"detailed";"Consider whether the material is simple, such as text or images, or more complex. The way learners will use the material may limit the types of tools and formats that can be used. When it comes to how people learn and use technology, we follow the <a href=""https://udlguidelines.cast.org/"" target=""_blank"">Universal Design for Learning (UDL) Guidelines</a>, which state that we should use technology that helps people learn actively. This means using tools that allow learners to interact with the material and communicate with each other and with trainers. For example, trainers can consider using tools such as collaborative document editors for group work and presentations. They can also use discussion boards to help learners communicate and share ideas, or interactive video software to collaborate on projects.";NA;NA;"Yes;No";"mc";FALSE
"30";"G20";NA;NA;"Does the resource explain the tools/software/infrastructure required to participate in the training and to submit assignments?";"essential";"Technology";"Technical & accessibility aspects";"2. Implementation";"detailed";"If the learning materials require special tools or software, it's a good idea to tell learners about them. And if there are special ways they should submit assignments, it's a good idea to give them clear instructions about that as well. This will make the whole learning experience better and easier for everyone.";"This indicator is about technical requirements, not required skills of the learners. If there are no requirements, please state this explicitly. This information should be visible to learners in the course overview.";NA;"Yes;No";"mc";FALSE
"31";"F06";NA;NA;"Is the learning resource developed using open file formats which are tool agnostic and compatible with a wide variety of existing software?";"fair";"File formats";"Technical & accessibility aspects";"2. Implementation";"minimal";"Using open file formats while developing the learning resource ensures the sustainability of the materials, making them easier to use and maintain even when the tools change. Using open file formats for the final content that is made available for learners ensures they can access the resource using a variety of software solutions.";"The resource deposited in a repository should be consisting of editable files based on only open file formats. The final file formats available for learners should also be based on open file formats.";"Interoperable";"Yes;No";"mc";FALSE
"32";"G12";NA;NA;"Does the resource provide the prerequisites for understanding or using the learning material or its topics?";"essential";"Prerequisites";"Technical & accessibility aspects";"2. Implementation";"detailed";"Prerequisites can include basic knowledge levels, specific tasks, technical skills, or familiarity with specific technologies, tools, software, or systems. Prerequisites can be thought of as a more detailed version of the “expertise level”.";"This indicator is about required skills of the learners, not technical requirements. If there are no prerequisites, please state this explicitly. This information should be visible to learners in the course overview.";NA;"Yes;No";"mc";FALSE
"33";"M06";"G12";"Yes";"If applicable, are the technological prerequisites (tools, software and infrastructure requirements and skills) stated necessary for performing the essential skills and competences listed in the correspondent <a href=""https://zenodo.org/records/15731870"" target=""_blank"">MVS profile</a> of the stated target audience?";"mvs";"Prerequisites";"Technical & accessibility aspects";"2. Implementation";"detailed";"Regarding prerequisites, there is not a direct connection between the possible requirements for a learning resource (like technical skills or knowledge in a certain area) and a specific section in the MVS profile. So, it will be up to the user to check this. This includes looking at the skills and abilities explained in the profile that matches the learning resource to see if they match with what is needed for the resource.";NA;NA;"Yes;No;Not applicable";"mc";FALSE
"34";"M07";"G12";"Yes";"If applicable, are the domain prerequisites stated necessary for performing the essential skills and competences listed in the correspondent <a href=""https://zenodo.org/records/15731870"" target=""_blank"">MVS profile</a> of the stated target audience?";"mvs";"Prerequisites";"Technical & accessibility aspects";"2. Implementation";"detailed";"Regarding prerequisites, there is not a direct connection between the possible requirements for a learning resource (like technical skills or knowledge in a certain area) and a specific section in the MVS profile. So, it will be up to the user to check this. This includes looking at the skills and abilities explained in the profile that matches the learning resource to see if they match with what is needed for the resource.";NA;NA;"Yes;No;Not applicable";"mc";FALSE
"35";"F03";NA;NA;"Has an accessibility checker tool been utilised to improve the accessibility of the learning resource?";"fair";"Accessibility";"Technical & accessibility aspects";"2. Implementation";"minimal";"To enhance accessibility, use a tool (usually  integrated within the editing solution) that checks for accessibility. You need to ensure that everyone, including people with different backgrounds and abilities, can use the learning materials (check the <a href=""https://opentextbc.ca/selfpublishguide/chapter/accessibility-and-inclusion/"" target=""_blank"">Self-Publishing Guide by BCcampus</a>). Follow standards such as <a href=""https://www.w3.org/WAI/standards-guidelines/wcag/"" target=""_blank"">WCAG 2</a> and <a href=""https://pdfa.org/resource/?wpv-pdf-type=pdf-ua"" target=""_blank"">PDF/UA</a>.";"Accessibility best practices should always be adhered to. For an example: use headings, provide alternative text for images, do not use only color to convey information, use high contrasting colors, etc.  Use an accessibility checker that is recomended for the file formats that you work with.";"Accessible";"Yes;No";"mc";FALSE
"36";"G15";NA;NA;"Does the resource identify the trainer(s) of the resource?";"essential";"Trainer";"Delivery";"2. Implementation";"detailed";"The learning materials should include information about the trainer. This can include name, affiliation, and ORCID ID. This question is not applicable to self-paced training because it does not involve a trainer.";"Besides adding this information to the metadata, this should be visible for the learner (unless the course is self-paced, in that case, this is not applicable).";NA;"Yes;No;Not applicable";"mc";FALSE
"37";"F12";NA;NA;"Does the learning resource include an instructor kit (assessment, lesson plan, activities description and facilitation guide)?";"fair";"Instructor kit";"Delivery";"2. Implementation";"detailed";"Including an instructor kit helps other instructors take full advantage of the learning resource when adapting it to their context. Assessment (plus answers) enables verification of achieved learning objectives. The lesson plan outlines the activities the trainer needs to make in order to deliver the lesson. A how-to activity description is necessary to know how to implement the activity with the learners. The facilitator guide states the actions that need to be done by different stakeholders before, during, and after the learning process has taken place.";"Each unit/lesson should have a short delivery plan for trainers, assessment questions should be provided together with the answers when depositing the resource in a repository. The Facilitator guide focuses on the organisation of the training, what needs to be done before, during and after the training.";"Reusable";"Yes;No";"mc";FALSE
"38";"G14";NA;NA;"Does the resource state the expected duration of the training and (in case of synchronous trainings) the dates the training will be held?";"essential";"Timescale";"Delivery";"2. Implementation";"detailed";"If the training is scheduled to take place on a specific date and is not self-paced, the learning materials should include the date and duration of the training. This is important so that the learner can attend the training. If the training is self-paced and is always available, only the expected duration should be specified.";"For self-paced trainings, specifying the duration is enough (if the availability of the trainings is not limited to a specific time). For non self-paced trainings, the date and duration needs to be specified. This information should be visible to learners in the course overview.";NA;"Yes;No";"mc";FALSE
"39";"G08";NA;NA;"Does the resource specify its delivery method?";"essential";"Delivery";"Delivery";"2. Implementation";"minimal";"How will the training be delivered? Specify whether people will learn– synchronously (face-to-face) or asynchronously (self-paced),– in-person, online, or hybrid.";"”Delivery method” is the approach or channel through which learning content is delivered to learners. Delivery methods can be synchronous (face-to-face) or asynchronous (self-paced), and can be in-person, online, or hybrid.";NA;"Yes;No";"mc";FALSE
"40";"G07";NA;NA;"Does the resource include a statement or explanation about the cost of access?";"essential";"Costs";"Delivery";"2. Implementation";"minimal";"Following the ""Access Cost"" element of the Research Data Alliance (RDA) Minimal Metadata for Learning Resources Schema, indicate whether access to the resource is free or requires a fee.";"In addition to adding this information to the metadata, it should also be visible to learners in the course overview.";NA;"Yes;No";"mc";FALSE
"41";"F04";NA;NA;"Are access rules (authentication & authorisation) implemented for the learning resource?";"fair";"Access rules";"Delivery";"2. Implementation";"minimal";"Clearly define the rules of how people can access the resources. This is information on what needs to be done to access the resources (e.g. registration).";"All interested learners should clearly understand how they can access the resource.";"Accessible";"Yes;No";"mc";FALSE
"42";"F07";NA;NA;"If applicable, are all reused resources clearly attributed and compliant with compatible licenses?";"fair";"Reused resources";"Co-creation";"2. Implementation";"minimal";"When reusing existing resources the license under which they are made available should be respected and clear attribution should be provided (even when not explicitly required with the license). If not otherwise defined, use the TASL method for providing the attribution (title, author, source, license).";"If this does not apply to your learning resource (if you have not reused materials), please answer ""Not applicable""";"Reusable";"Yes;No;Not applicable";"mc";FALSE
"43";"F10";NA;NA;"Does the resource adopt an open community approach regarding its quality and reachability?";"fair";"Open community";"Co-creation";"2. Implementation";"detailed";"Enabling the community to provide open comments and reviews of the learning resource while following a defined Code of Conduct can help improve the learning content and be used as input to the next cycle of continuous improvement.";"Other instructors and relevant peers should be able to leave their comments regarding the resource. The same feedback gathering mechanism used for learners can be used for this purpose as long as it is accessible to anyone.";"Reusable";"Yes;No";"mc";FALSE
"44";"F13";NA;NA;"Have you employed a versioning system to track and control changes in your materials?";"fair";"Versioning";"Co-creation";"2. Implementation";"detailed";"The information about versions should be clear in the details of the resource. Keeping a historical track using version numbers and dates of publishing helps others understand how the resource has changed and improved over time. Adding release notes with details for each version is even better.";"The versioning system should be able to provide historical tracking of the resource changes. For an example, the use of versions of the same record deposited in Zenodo.";"Reusable";"Yes;No";"mc";FALSE
"45";"G04";NA;NA;"Does the resource include the date it was published and/or the date of the latest version?";"essential";"Versioning";"Co-creation";"2. Implementation";"minimal";"Following the ""Version Date"" element of the Research Data Alliance (RDA) Minimal Metadata for Learning Resources Schema, include the date the material was published and/or the date of the most recent version of the resource.";"In addition to adding this information to the metadata, it should also be visible to learners in the course overview.";NA;"Yes;No";"mc";FALSE
"46";"G16";NA;NA;"Does each content or instructional unit end with an activity/assignment that allows for learner feedback?";"essential";"Activities";"Assessment";"3. Evaluation";"detailed";"Is learner performance assessed? Do the learning materials include activities or quizzes?";NA;NA;"Yes;No";"mc";FALSE
"47";"M05";"G16";"Yes";"Do the activities and assignments of the resource help the stated target audience to learn any of the essential skills and competences identified in the <a href=""https://zenodo.org/records/15731870"" target=""_blank"">MVS profile</a>?";"mvs";"Activities";"Assessment";"3. Evaluation";"detailed";"Check the section “Essential Skills & Competences"" in the respective MVS profile for your target audience.";NA;NA;"Yes;No";"mc";FALSE
"48";"G17";NA;NA;"Is the grading policy communicated in a way that clearly defines expectations for the course and its assignments?";"essential";"Grading";"Assessment";"3. Evaluation";"detailed";"Is there some form of assessment for learners? Are the criteria on which the assessment is based described in a clear and understandable way? For example, these criteria may be linked to learning objectives and outcomes.";NA;NA;"Yes;No";"mc";FALSE
"49";"G18";NA;NA;"Does the course offer some kind of certification (badge or micro-credentials)?";"essential";"Course certification";"Assessment";"3. Evaluation";"detailed";"Is there any type of certification information you can provide (such as open badges or micro-credentials)? What does it take to get that certification?";NA;NA;"Yes;No";"mc";FALSE
"50";"F09";NA;NA;"Does the available learning resource include the possibility to provide feedback or comments from learners that can be used for improvement?";"fair";"Feedback";"Guidance";"3. Evaluation";"detailed";"Getting feedback and enabling the users to share their thoughts regarding the learning resource is valuable input for continuous improvement aiming at increasing the resource  quality.";NA;"Reusable";"Yes;No";"mc";FALSE
"51";"F11";NA;NA;"Is rating available for the learning resource?";"fair";"Rating";"Guidance";"3. Evaluation";"detailed";"Keeping track of information such as user or trainer ratings, how many people joined, how many times it was downloaded, and how many certificates were given, are all helpful indicators when gauging the quality of the resource.";"Rating can be implemented as a standalone feature (for an example, using stars to rate the content), or it can be a question in the feedback form that asks for a quantitative answer.";"Reusable";"Yes;No";"mc";FALSE
"52";"F17";NA;NA;"Has the learning resource been evaluated by a third party regarding its learning experience quality?";"fair";"Learning experience quality";"Guidance";"3. Evaluation";"detailed";"Implementing an external quality assessment procedure helps remove any bias from the process. It is a chance to receive feedback from a fresh view of the learning resource provided by someone who is seeing it for the first time.";"Someone who has not been part of the development process checks the resource and provides feedback.";"Reusable";"Yes;No";"mc";FALSE
"53";"E03";NA;NA;"Does the resource identify who is its intellectual property (IP) rights holder?";"elsi";"Intellectual Property Rights (IPR)";"Intellectual Property Rights (IPR)";"4. Licensing & Ethics";"minimal";"It is not enough to simply state the applicable licence - the resource also needs to identify who holds intellectual property rights to the resource. For example: 'Unless otherwise stated, these materials are shared under a CC-BY 4.0 licence. All rights are with the respective authors.'";"In addition to informing about the applicable licence, the resource should also indicate who holds the IP rights (e.g. by including the phrase 'all rights are with the respective authors').";NA;"Yes;No";"mc";FALSE
"54";"E05";NA;NA;"Is the resource published under a standard licence (e.g. one of the Creative Commons licences) with no modifications?";"elsi";"Intellectual Property Rights (IPR)";"Intellectual Property Rights (IPR)";"4. Licensing & Ethics";"minimal";"Licensing information should be clear and in line with recognized standards, making it easier for users to understand and comply with the terms of use for the learning resource. It is strongly recommended to use open licences.";"Standard licences, such as Creative Commons licences, make it easier for others to understand how they can legally use, share, and adapt the resource without needing complex negotiations or legal advice. If a standard licence (e.g. CC-BY) has been modified, it can no longer use its standardised designation.";NA;"Yes;No";"mc";FALSE
"55";"E06";NA;NA;"Is licence for the resource easily accessible, e.g. via a link from the landing page?";"elsi";"Intellectual Property Rights (IPR)";"Intellectual Property Rights (IPR)";"4. Licensing & Ethics";"detailed";"Where possible, the licence or usage policy for the material should be made easily accessible, such as by hyperlinking to the terms of the licence.";"The licence of the resource should be easy to access. Even if a standard licence is used (e.g. CC-BY), that information should contain a link to the terms of the licence.";NA;"Yes;No";"mc";FALSE
"56";"E07";NA;NA;"Is the licence of the resource versioned?";"elsi";"Intellectual Property Rights (IPR)";"Intellectual Property Rights (IPR)";"4. Licensing & Ethics";"detailed";"Versioning licences improves transparency and traceability of requirements at various points of time.";"If you are using a standard licence, it may come with its own version number (e.g. CC-BY 4.0). However, if you are using your own licence, it is important to keep track of its updates by also assigning them version numbers.";NA;"Yes;No";"mc";FALSE
"57";"E01";NA;NA;"Does the resource (or platform) provide or refer to (i) a Terms of Service (ToS) document, and (ii) a privacy policy?";"elsi";"ToS and personal data";"Terms of Service and Personal Data";"4. Licensing & Ethics";"minimal";"Both the the Terms of Service (ToS) and the privacy policy (data policy) of the learning resource or the platform must be included or linked. It is also recommended to keep track of different versions by assigning version numbers (v1, v2, etc.).";"The two documents have different roles but both must be present or linked. ToS explain the rules for using the resource and might include limits or rules for how it can be used. The privacy policy (or data policy) informs the resource user about how their data is being processed. If the resource is contained within a platform and covered by its ToS and its privacy policy, it is enough that the platform provides the relevant links (e.g. in the footer).";NA;"Yes;No";"mc";FALSE
"58";"E02";"E01";"Yes";"Are both the Terms of Service and the privacy policy visible irrespective of registration / login?";"elsi";"ToS and personal data";"Terms of Service and Personal Data";"4. Licensing & Ethics";"minimal";"If users are required to register with the service, both the privacy policy and the ToS document must be made available prior to registration and/or login.";"Both (i) the Terms of Service and (ii) the privacy policy (data policy) must be available and visible, also if the user is not yet registered/logged in.If the resource is contained within a platform and covered by its ToS and its privacy policy, the same applies to the relevant links provided by the platform.";NA;"Yes;No";"mc";FALSE
"59";"E04";NA;NA;"Is attribution always given to sources of any third-party content or data?";"elsi";"Ethics Information";"Ethics";"4. Licensing & Ethics";"minimal";"The original authors / sources of all reused learning content must be clearly indicated (e.g.: Slide by X, CC-BY 4.0). This includes all illustrations, graphs, photos and screenshots. For full clarity, authors' own resources should also be appropriately marked (e.g. 'source: own resources). If any modification has been made, this should be made clear (e.g. 'adapted from ... ').";"All reused content such as graphics, graphs, screenshots, photos etc. must be given proper attribution. For full clarity, own illustrations should marked e.g. by 'source: own materials'.";NA;"Yes;No;Not applicable";"mc";FALSE
"60";"F08";NA;NA;"Has the learning resource been made available for reuse by defining a permissive license or policy information that allows adaptations/derivations?";"fair";"License";"Licensing & attribution";"4. Licensing & Ethics";"minimal";"Permissive license is needed so that others can reuse the resource. Allowing adaptation / derivation enables wider reuse where the content can be changed and adapted to someone else’s needs and purposes.";NA;"Reusable";"Yes;No";"mc";FALSE
